Serial No.,Entry,Log
1,"5 March 2022, 12:57 pm",Info
2,"6 March 2022, 1:57 pm",Debug 
3,"6 March 2022, 12:57 pm",Error
4,"7 March 2022, 1:57 pm",Info
5,"7 March 2022, 12:57 pm",Debug 
6,"8 March 2022, 1:57 pm",Error
7,"8 March 2022, 12:57 pm",Info
8,"6 March 2022, 12:57 pm",Debug 
9,"7 March 2022, 1:57 pm",Error
10,"7 March 2022, 12:57 pm",Info
11,"8 March 2022, 1:57 pm",Debug 
12,"8 March 2022, 12:57 pm",Error
13,"9 March 2022, 1:57 pm",Info
14,"9 March 2022, 12:57 pm",Debug 
15,"7 March 2022, 12:57 pm",Error
16,"8 March 2022, 1:57 pm",Info
17,"8 March 2022, 12:57 pm",Debug 
18,"9 March 2022, 1:57 pm",Error
19,"9 March 2022, 12:57 pm",Info
20,"10 March 2022, 1:57 pm",Debug 
21,"10 March 2022, 12:57 pm",Error
22,"8 March 2022, 12:57 pm",Info
23,"9 March 2022, 1:57 pm",Debug 
24,"9 March 2022, 12:57 pm",Error
25,"10 March 2022, 1:57 pm",Info
26,"10 March 2022, 12:57 pm",Debug 